<?xml version="1.0"?>
<!DOCTYPE hibernate-mapping PUBLIC
    "-//Hibernate/Hibernate Mapping DTD 2.0//EN"
    "http://hibernate.sourceforge.net/hibernate-mapping-3.0.dtd" >

<hibernate-mapping>
	<class name="com.cg.discover.ets.entity.Task" table="task_list">
		<id name="taskId" type="java.lang.Integer" column="task_id" >
		<generator class="increment"/>
		</id>
		<property name="taskName" type="java.lang.String" column="task_name"/>
		<property name="taskDescription" type="java.lang.String" column="task_description" />
		<property name="BUId" type="java.lang.Integer" column="bu_id"/>

	</class>
</hibernate-mapping>
