<?xml version="1.0"?>
<!DOCTYPE hibernate-mapping PUBLIC
    "-//Hibernate/Hibernate Mapping DTD 2.0//EN"
    "http://hibernate.sourceforge.net/hibernate-mapping-3.0.dtd" >

<hibernate-mapping>
	<class name="com.cg.discover.ets.entity.Team" table="teamname">
		<id name="teamNameId" type="java.lang.Integer" column="teamname_id" >
		<generator class="increment"/>
		</id>
		<property name="teamName" type="java.lang.String" column="teamname" />
		<property name="BUId" type="java.lang.Integer" column="bu_id" />
		<!--<many-to-one name="BU" class="com.cg.discover.ets.entity.BU" column="BU_ID"></many-to-one>

	--></class>
</hibernate-mapping>
