<?xml version="1.0"?>
<!DOCTYPE hibernate-mapping PUBLIC
    "-//Hibernate/Hibernate Mapping DTD 2.0//EN"
    "http://hibernate.sourceforge.net/hibernate-mapping-3.0.dtd" >

<hibernate-mapping>
	<class name="com.cg.discover.ets.entity.Track" table="track">
		<id name="trackId" type="java.lang.Integer" column="track_id" >
			<generator class="increment"/>
		</id>
		<property name="trackDate"/>
		<many-to-one name="BU" class="com.cg.discover.ets.entity.BU" column="BU_ID"></many-to-one>
		<property name="taskDate" type="java.util.Date" column="TASK_DATE" />
		<property name="userName" type="java.lang.String" column="USER_NAME"/>
		 
		<property name="total" type="java.lang.Float" column="total"/>
		
		<set name="taskTimeSet" table= "TASK_TIME" cascade="all" >
			<key >
			<column name="TRACK_ID"/>
			</key>
			<one-to-many class="com.cg.discover.ets.entity.TaskTime" />
		</set>
	</class>
	
</hibernate-mapping>