<?xml version="1.0"?>
<!DOCTYPE hibernate-mapping PUBLIC
    "-//Hibernate/Hibernate Mapping DTD 2.0//EN"
    "http://hibernate.sourceforge.net/hibernate-mapping-3.0.dtd" >

<hibernate-mapping>

	<class name="com.cg.discover.ets.entity.UserLogin" table="login">
	<id name="userId" type="java.lang.Integer" column="user_id" >
		<generator class="increment"/>
		</id>
		<property name="userName" type="java.lang.String" column="user_name" />
		<property name="password" type="java.lang.String" column="password" />
		<property name="employeeName" type="java.lang.String" column="employeeName" />
		<property name="employeeID" type="java.lang.String" column="employeeID" />
		<many-to-one name="BU" class="com.cg.discover.ets.entity.BU" column="BU_ID"></many-to-one>
		<many-to-one name="team" class="com.cg.discover.ets.entity.Team" column="team"></many-to-one>
		<property name="emailID" type="java.lang.String" column="emailID" />
		<property name="isAdmin" type="java.lang.Boolean" column="isAdmin" />

	</class>
</hibernate-mapping>
