<?xml version='1.0' encoding='utf-8'?>
<!DOCTYPE hibernate-configuration PUBLIC
"-//Hibernate/Hibernate Configuration DTD//EN"
"http://hibernate.sourceforge.net/hibernate-configuration-3.0.dtd">

<hibernate-configuration>
<session-factory>
   <property name="hibernate.connection.driver_class">org.postgresql.Driver</property>
   <property name="hibernate.connection.url">jdbc:postgresql://localhost:5432/DB1</property>
   <property name="hibernate.connection.username">postgres</property>
   <property name="hibernate.connection.password">India123</property>
   <property name="hibernate.connection.pool_size">50</property>
   <property name="hibernate.current_session_context_class">thread</property>
   <!--<property name="hibernate.enable_lazy_load_no_trans" value="true"></property>
   --><property name="hibernate.show_sql">true</property>
   <property name="format_sql">true</property>
   <property name="use_sql_comments">true</property>
   <property name="dialect">org.hibernate.dialect.PostgreSQLDialect</property>
   <property name="hibernate.hbm2ddl.auto">update</property>
   <mapping resource="com/cg/discover/ets/entity/userLogin.hbm.xml"></mapping> 
   <mapping resource="com/cg/discover/ets/entity/task.hbm.xml"></mapping> 
   <mapping resource="com/cg/discover/ets/entity/track.hbm.xml"></mapping>    
   <mapping resource="com/cg/discover/ets/entity/taskTime.hbm.xml"></mapping>
   <mapping resource="com/cg/discover/ets/entity/bu.hbm.xml"></mapping> 
   <mapping resource="com/cg/discover/ets/entity/teamname.hbm.xml"></mapping>    
	</session-factory>
</hibernate-configuration>