<!DOCTYPE struts PUBLIC
"-//Apache Software Foundation//DTD Struts Configuration 2.0//EN"
"http://struts.apache.org/dtds/struts-2.0.dtd">

<struts>

	<package name="default" extends="hibernate-default">
			<action name="user" class="com.cg.discover.ets.action.LoginAction">
			<result name="success">/Welcome.jsp</result>
			<result name="failure">/Login.jsp</result>
		</action>
		
		<action name="changePassword" class="com.cg.discover.ets.action.LoginAction" method="changePassword">
			<result name="success" type="redirect" >/successPassword.jsp</result>
			<result name="failure">/failurePassword.jsp</result>
		</action>

		<action name="logout" class="com.cg.discover.ets.action.LoginAction" method="logout">
			<result name="success" >/Login.jsp</result>
		</action>

		<action name="addTask" method="addTask"
			class="com.cg.discover.ets.action.TaskAction">
			<result name="success" type="redirect">getTasks</result>
			<result name="failure">/error.jsp</result>
		</action>
		<action name="getTasks" method="getTasks"
			class="com.cg.discover.ets.action.TaskAction">
			<result name="success">/addTask.jsp</result>
			<result name="failure">/error.jsp</result>
		</action>
		<action name="deleteTask" method="deleteTask"
			class="com.cg.discover.ets.action.TaskAction">
			<result name="success" type="redirect">getTasks</result>
			<result name="failure">/error.jsp</result>
		</action>

		<action name="getTaskForUpdate" method="getTaskForUpdate"
			class="com.cg.discover.ets.action.TaskAction">
			<result name="success">/addTask.jsp</result>
		</action>

		<action name="editTask" method="editTask"
			class="com.cg.discover.ets.action.TaskAction">
			<result name="success">/addTask.jsp</result>
			<result name="failure">/error.jsp</result>
		</action>

		<action name="effortTracking" method="effortTracking"
			class="com.cg.discover.ets.action.EffortTrackingAction">
			<result name="success">/effortTracking.jsp</result>
			<result name="failure">/error.jsp</result>
		</action>
		<action name="addTrack" method="addTrack"
			class="com.cg.discover.ets.action.EffortTrackingAction">
			<result name="success">/effortTracking.jsp</result>
			<result name="failure">/error.jsp</result>
		</action>
		<action name="getTrackListUsingAjax" method="getTrackListUsingAjax"
			class="com.cg.discover.ets.action.EffortTrackingAction">
			<result name="success">/effortTrackingForm.jsp</result>
			<result name="failure">/error.jsp</result>
		</action>
		<action name="getTasks" method="getTasks"
			class="com.cg.discover.ets.action.TaskAction">
			<result name="success">/addTask.jsp</result>
			<result name="failure">/error.jsp</result>
		</action>
   		 <action name="selectUser" method="selectUser"
			class="com.cg.discover.ets.action.UserListAction">
			<result name="success">/userListForm.jsp</result>
			<result name="failure">/error.jsp</result>
		</action>
			<action name="getUsersEffort" method="userEffortTracking"
			class="com.cg.discover.ets.action.UserListAction">
			<result name="success">/userList.jsp</result>
			<result name="failure">/error.jsp</result>
		</action>
		<action name="getUserTrackListUsingAjax" method="getUserTrackListUsingAjax"
			class="com.cg.discover.ets.action.UserListAction">
			<result name="success">/userList.jsp</result>
			<result name="failure">/error.jsp</result>
		</action>
			<action name="addUser" method="addUser"
			class="com.cg.discover.ets.action.UsersDetailAction">
			<result name="success" type="redirect">getUsers</result>
			<result name="failure">/error.jsp</result>
		</action>
		<action name="getUsers" method="getUsers"
			class="com.cg.discover.ets.action.UsersDetailAction">
			<result name="success">/addUser.jsp</result>
			<result name="failure">/error.jsp</result>
		</action>
		<action name="deleteUser" method="deleteUser"
			class="com.cg.discover.ets.action.UsersDetailAction">
			<result name="success" type="redirect">getUsers</result>
			<result name="failure">/error.jsp</result>
		</action>

		<action name="getUserForUpdate" method="getUserForUpdate"
			class="com.cg.discover.ets.action.UsersDetailAction">
			<result name="success">/addUser.jsp</result>
		</action>
		
		<action name="exportUsersReport" method="exportUsersReport"
			class="com.cg.discover.ets.action.UsersReportAction">
			<result name="success">/success.jsp</result>
			<result name="failure">/excelError.jsp</result>
		</action>
		<action name="getList" method="getList"
			class="com.cg.discover.ets.action.UsersReportAction">
			<result name="success">/UsersReport.jsp</result>
		</action>
			<action name="getEmployeesName" method="getEmployeesName"
			class="com.cg.discover.ets.action.UsersReportAction">
			<result name="success">/TeamDetails.jsp</result>
		</action>
		<action name="getEmployeesNameForTeam" method="getEmployeesNameForTeam"
			class="com.cg.discover.ets.action.UsersReportAction">
			<result name="success">/EmployeeDetails.jsp</result>
		</action>
		<action name="getTeamNameForUserAdding" method="getTeamNameForUserAdding"
			class="com.cg.discover.ets.action.UsersDetailAction">
			<result name="success">/teamNameForUserAdding.jsp</result>
		</action>
	</package>

</struts>